Indexcd,Trddt,Idxret
HSI,4/1/2016,-0.026799
HSI,5/1/2016,-0.006489
HSI,6/1/2016,-0.009812
HSI,7/1/2016,-0.03086
HSI,8/1/2016,0.00592
HSI,11/1/2016,-0.027634
HSI,12/1/2016,-0.008887
HSI,13/1/2016,0.011319
HSI,14/1/2016,-0.005893
HSI,15/1/2016,-0.014969
HSI,18/1/2016,-0.014514
HSI,19/1/2016,0.020708
HSI,20/1/2016,-0.038171
HSI,21/1/2016,-0.018222
HSI,22/1/2016,0.029034
HSI,25/1/2016,0.013607
HSI,26/1/2016,-0.024785
HSI,27/1/2016,0.010161
HSI,28/1/2016,0.007526
HSI,29/1/2016,0.025385
HSI,1/2/2016,-0.004451
HSI,2/2/2016,-0.007586
HSI,3/2/2016,-0.02341
HSI,4/2/2016,0.010083
HSI,5/2/2016,0.005478
HSI,11/2/2016,-0.038488
HSI,12/2/2016,-0.012198
HSI,15/2/2016,0.032673
HSI,16/2/2016,0.01078
HSI,17/2/2016,-0.010329
HSI,18/2/2016,0.023171
HSI,19/2/2016,-0.004007
HSI,22/2/2016,0.00926
HSI,23/2/2016,-0.002533
HSI,24/2/2016,-0.011452
HSI,25/2/2016,-0.015824
HSI,26/2/2016,0.025168
HSI,29/2/2016,-0.013025
HSI,1/3/2016,0.015463
HSI,2/3/2016,0.030711
HSI,3/3/2016,-0.003086
HSI,4/3/2016,0.011781
HSI,7/3/2016,-0.000842
HSI,8/3/2016,-0.007348
HSI,9/3/2016,-0.000766
HSI,10/3/2016,-0.000592
HSI,11/3/2016,0.010767
HSI,14/3/2016,0.011671
HSI,15/3/2016,-0.007172
HSI,16/3/2016,-0.001531
HSI,17/3/2016,0.012149
HSI,18/3/2016,0.008185
HSI,21/3/2016,0.000606
HSI,22/3/2016,-0.000841
HSI,23/3/2016,-0.002493
HSI,24/3/2016,-0.013079
HSI,29/3/2016,0.001017
HSI,30/3/2016,0.021461
HSI,31/3/2016,-0.001283
HSI,1/4/2016,-0.01337
HSI,4/4/2016,0
HSI,5/4/2016,-0.015704
HSI,6/4/2016,0.00147
HSI,7/4/2016,0.002939
HSI,8/4/2016,0.005149
HSI,11/4/2016,0.003456
HSI,12/4/2016,0.003113
HSI,13/4/2016,0.031909
HSI,14/4/2016,0.008465
HSI,15/4/2016,-0.001
HSI,18/4/2016,-0.00727
HSI,19/4/2016,0.012982
HSI,20/4/2016,-0.009325
HSI,21/4/2016,0.018174
HSI,22/4/2016,-0.007178
HSI,25/4/2016,-0.007574
HSI,26/4/2016,0.004827
HSI,27/4/2016,-0.002133
HSI,28/4/2016,0.001237
HSI,29/4/2016,-0.015007
HSI,3/5/2016,-0.018518
HSI,4/5/2016,-0.007308
HSI,5/5/2016,-0.003703
HSI,6/5/2016,-0.016624
HSI,9/5/2016,0.002334
HSI,10/5/2016,0.00426
HSI,11/5/2016,-0.009257
HSI,12/5/2016,-0.006972
HSI,13/5/2016,-0.00985
HSI,16/5/2016,0.00835
HSI,17/5/2016,0.011811
HSI,18/5/2016,-0.014533
HSI,19/5/2016,-0.006662
HSI,20/5/2016,0.008016
HSI,23/5/2016,-0.002175
HSI,24/5/2016,0.00108
HSI,25/5/2016,0.027111
HSI,26/5/2016,0.001427
HSI,27/5/2016,0.008808
HSI,30/5/2016,0.002557
HSI,31/5/2016,0.009002
HSI,1/6/2016,-0.0026
HSI,2/6/2016,0.004732
HSI,3/6/2016,0.00422
HSI,6/6/2016,0.003961
HSI,7/6/2016,0.014171
HSI,8/6/2016,-0.001423
HSI,10/6/2016,-0.011984
HSI,13/6/2016,-0.02517
HSI,14/6/2016,-0.006116
HSI,15/6/2016,0.003923
HSI,16/6/2016,-0.020965
HSI,17/6/2016,0.006565
HSI,20/6/2016,0.016868
HSI,21/6/2016,0.007715
HSI,22/6/2016,0.006129
HSI,23/6/2016,0.003521
HSI,24/6/2016,-0.029193
HSI,27/6/2016,-0.001571
HSI,28/6/2016,-0.002711
HSI,29/6/2016,0.01307
HSI,30/6/2016,0.01753
HSI,4/7/2016,0.012736
HSI,5/7/2016,-0.014648
HSI,6/7/2016,-0.012309
HSI,7/7/2016,0.010326
HSI,8/7/2016,-0.006894
HSI,11/7/2016,0.015383
HSI,12/7/2016,0.016486
HSI,13/7/2016,0.0046
HSI,14/7/2016,0.011194
HSI,15/7/2016,0.004554
HSI,18/7/2016,0.006645
HSI,19/7/2016,-0.005962
HSI,20/7/2016,0.009656
HSI,21/7/2016,0.005393
HSI,22/7/2016,-0.001646
HSI,25/7/2016,0.001328
HSI,26/7/2016,0.006197
HSI,27/7/2016,0.004033
HSI,28/7/2016,-0.00201
HSI,29/7/2016,-0.012761
HSI,1/8/2016,0.010861
HSI,3/8/2016,-0.017625
HSI,4/8/2016,0.004283
HSI,5/8/2016,0.014376
HSI,8/8/2016,0.015744
HSI,9/8/2016,-0.001296
HSI,10/8/2016,0.001194
HSI,11/8/2016,0.003918
HSI,12/8/2016,0.008253
HSI,15/8/2016,0.007274
HSI,16/8/2016,-0.000945
HSI,17/8/2016,-0.004847
HSI,18/8/2016,0.009797
HSI,19/8/2016,-0.003733
HSI,22/8/2016,0.002646
HSI,23/8/2016,0.000044
HSI,24/8/2016,-0.007746
HSI,25/8/2016,-0.000255
HSI,26/8/2016,0.004146
HSI,29/8/2016,-0.00385
HSI,30/8/2016,0.008535
HSI,31/8/2016,-0.001704
HSI,1/9/2016,0.008072
HSI,2/9/2016,0.004506
HSI,5/9/2016,0.016455
HSI,6/9/2016,0.005841
HSI,7/9/2016,-0.001928
HSI,8/9/2016,0.007478
HSI,9/9/2016,0.00754
HSI,12/9/2016,-0.033573
HSI,13/9/2016,-0.003213
HSI,14/9/2016,-0.001082
HSI,15/9/2016,0.00625
HSI,19/9/2016,0.009207
HSI,20/9/2016,-0.000832
HSI,21/9/2016,0.005909
HSI,22/9/2016,0.003798
HSI,23/9/2016,-0.003086
HSI,26/9/2016,-0.01556
HSI,27/9/2016,0.010892
HSI,28/9/2016,0.002026
HSI,29/9/2016,0.005073
HSI,30/9/2016,-0.018632
HSI,3/10/2016,0.012331
HSI,4/10/2016,0.004453
HSI,5/10/2016,0.004174
HSI,6/10/2016,0.006902
HSI,7/10/2016,-0.004203
HSI,11/10/2016,-0.012674
HSI,12/10/2016,-0.00605
HSI,13/10/2016,-0.016053
HSI,14/10/2016,0.008771
HSI,17/10/2016,-0.008426
HSI,18/10/2016,0.01549
HSI,19/10/2016,-0.003822
HSI,20/10/2016,0.002979
HSI,24/10/2016,0.009826
HSI,25/10/2016,-0.001651
HSI,26/10/2016,-0.010171
HSI,27/10/2016,-0.008278
HSI,28/10/2016,-0.007675
HSI,31/10/2016,-0.000883
HSI,1/11/2016,0.009267
HSI,2/11/2016,-0.014541
HSI,3/11/2016,-0.005567
HSI,4/11/2016,-0.001803
HSI,7/11/2016,0.007012
HSI,8/11/2016,0.00474
HSI,9/11/2016,-0.021575
HSI,10/11/2016,0.018912
HSI,11/11/2016,-0.013487
HSI,14/11/2016,-0.013709
HSI,15/11/2016,0.004576
HSI,16/11/2016,-0.001943
HSI,17/11/2016,-0.000792
HSI,18/11/2016,0.003653
HSI,21/11/2016,0.000607
HSI,22/11/2016,0.014326
HSI,23/11/2016,-0.000061
HSI,24/11/2016,-0.003007
HSI,25/11/2016,0.005085
HSI,28/11/2016,0.004714
HSI,29/11/2016,-0.004095
HSI,30/11/2016,0.002318
HSI,1/12/2016,0.003882
HSI,2/12/2016,-0.013699
HSI,5/12/2016,-0.002627
HSI,6/12/2016,0.007536
HSI,7/12/2016,0.005547
HSI,8/12/2016,0.002672
HSI,9/12/2016,-0.004412
HSI,12/12/2016,-0.014409
HSI,13/12/2016,0.00061
HSI,14/12/2016,0.000442
HSI,15/12/2016,-0.017688
HSI,16/12/2016,-0.001752
HSI,19/12/2016,-0.008541
HSI,20/12/2016,-0.004746
HSI,21/12/2016,0.003716
HSI,22/12/2016,-0.00796
HSI,23/12/2016,-0.00284
HSI,28/12/2016,0.008342
HSI,29/12/2016,0.001663
HSI,30/12/2016,0.009621
HSI,3/1/2017,0.006811
HSI,4/1/2017,-0.000719
HSI,5/1/2017,0.014557
HSI,6/1/2017,0.002063
HSI,9/1/2017,0.002474
HSI,10/1/2017,0.008252
HSI,11/1/2017,0.008376
HSI,12/1/2017,-0.004636
HSI,13/1/2017,0.004747
HSI,16/1/2017,-0.009558
HSI,17/1/2017,0.005406
HSI,18/1/2017,0.011264
HSI,19/1/2017,-0.002091
HSI,20/1/2017,-0.007117
HSI,23/1/2017,0.000551
HSI,24/1/2017,0.002242
HSI,25/1/2017,0.004325
HSI,26/1/2017,0.014102
HSI,27/1/2017,-0.000573
HSI,1/2/2017,-0.001815
HSI,2/2/2017,-0.005741
HSI,3/2/2017,-0.002386
HSI,6/2/2017,0.00947
HSI,7/2/2017,-0.000714
HSI,8/2/2017,0.006582
HSI,9/2/2017,0.001704
HSI,10/2/2017,0.002119
HSI,13/2/2017,0.005769
HSI,14/2/2017,-0.000336
HSI,15/2/2017,0.012313
HSI,16/2/2017,0.004702
HSI,17/2/2017,-0.003068
HSI,20/2/2017,0.004674
HSI,21/2/2017,-0.007556
HSI,22/2/2017,0.009945
HSI,23/2/2017,-0.003599
HSI,24/2/2017,-0.006185
HSI,27/2/2017,-0.001696
HSI,28/2/2017,-0.007704
HSI,1/3/2017,0.001506
HSI,2/3/2017,-0.002036
HSI,3/3/2017,-0.00739
HSI,6/3/2017,0.001849
HSI,7/3/2017,0.003593
HSI,8/3/2017,0.004273
HSI,9/3/2017,-0.011803
HSI,10/3/2017,0.002856
HSI,13/3/2017,0.011074
HSI,14/3/2017,-0.000072
HSI,15/3/2017,-0.001473
HSI,16/3/2017,0.020823
HSI,17/3/2017,0.000891
HSI,20/3/2017,0.0079
HSI,21/3/2017,0.003719
HSI,22/3/2017,-0.011089
HSI,23/3/2017,0.0003
HSI,24/3/2017,0.001257
HSI,27/3/2017,-0.006756
HSI,28/3/2017,0.00629
HSI,29/3/2017,0.001897
HSI,30/3/2017,-0.003729
HSI,31/3/2017,-0.007798
HSI,3/4/2017,0.006217
HSI,5/4/2017,0.005742
HSI,6/4/2017,-0.005208
HSI,7/4/2017,-0.000264
HSI,10/4/2017,-0.000211
HSI,11/4/2017,-0.00716
HSI,12/4/2017,0.009342
HSI,13/4/2017,-0.002132
HSI,18/4/2017,-0.013895
HSI,19/4/2017,-0.004124
HSI,20/4/2017,0.0097
HSI,21/4/2017,-0.000622
HSI,24/4/2017,0.004054
HSI,25/4/2017,0.01311
HSI,26/4/2017,0.005009
HSI,27/4/2017,0.004884
HSI,28/4/2017,-0.003375
HSI,2/5/2017,0.003291
HSI,4/5/2017,-0.000496
HSI,5/5/2017,-0.008408
HSI,8/5/2017,0.004149
HSI,9/5/2017,0.012659
HSI,10/5/2017,0.005078
HSI,11/5/2017,0.004402
HSI,12/5/2017,0.001225
HSI,15/5/2017,0.008556
HSI,16/5/2017,-0.001405
HSI,17/5/2017,-0.00167
HSI,18/5/2017,-0.006211
HSI,19/5/2017,0.001526
HSI,22/5/2017,0.008599
HSI,23/5/2017,0.000465
HSI,24/5/2017,0.000998
HSI,25/5/2017,0.007955
HSI,26/5/2017,0.000331
HSI,29/5/2017,0.002432
HSI,31/5/2017,-0.001594
HSI,1/6/2017,0.00579
HSI,2/6/2017,0.004449
HSI,5/6/2017,-0.002355
HSI,6/6/2017,0.005187
HSI,7/6/2017,-0.000884
HSI,8/6/2017,0.003423
HSI,9/6/2017,-0.001257
HSI,12/6/2017,-0.01238
HSI,13/6/2017,0.005604
HSI,14/6/2017,0.000921
HSI,15/6/2017,-0.012002
HSI,16/6/2017,0.002392
HSI,19/6/2017,0.011631
HSI,20/6/2017,-0.003144
HSI,21/6/2017,-0.005745
HSI,22/6/2017,-0.00078
HSI,23/6/2017,-0.000174
HSI,26/6/2017,0.007863
HSI,27/6/2017,-0.001233
HSI,28/6/2017,-0.006056
HSI,29/6/2017,0.010977
HSI,30/6/2017,-0.007735
HSI,3/7/2017,0.00076
HSI,4/7/2017,-0.015326
HSI,5/7/2017,0.005237
HSI,6/7/2017,-0.002224
HSI,7/7/2017,-0.004884
HSI,10/7/2017,0.006283
HSI,11/7/2017,0.014807
HSI,12/7/2017,0.006415
HSI,13/7/2017,0.011616
HSI,14/7/2017,0.001634
HSI,17/7/2017,0.003083
HSI,18/7/2017,0.002054
HSI,19/7/2017,0.00555
HSI,20/7/2017,0.002551
HSI,21/7/2017,-0.001276
HSI,24/7/2017,0.00527
HSI,25/7/2017,0.000194
HSI,26/7/2017,0.003313
HSI,27/7/2017,0.007058
HSI,28/7/2017,-0.005594
HSI,31/7/2017,0.012773
HSI,1/8/2017,0.007914
HSI,2/8/2017,0.002438
HSI,3/8/2017,-0.002766
HSI,4/8/2017,0.00115
HSI,7/8/2017,0.004632
HSI,8/8/2017,0.005943
HSI,9/8/2017,-0.003512
HSI,10/8/2017,-0.01128
HSI,11/8/2017,-0.020423
HSI,14/8/2017,0.013641
HSI,15/8/2017,-0.002762
HSI,16/8/2017,0.008615
HSI,17/8/2017,-0.002366
HSI,18/8/2017,-0.010849
HSI,21/8/2017,0.00396
HSI,22/8/2017,0.009096
HSI,24/8/2017,0.004267
HSI,25/8/2017,0.011976
HSI,28/8/2017,0.000543
HSI,29/8/2017,-0.003527
HSI,30/8/2017,0.011871
HSI,31/8/2017,-0.004425
HSI,1/9/2017,-0.000613
HSI,4/9/2017,-0.007616
HSI,5/9/2017,0.000039
HSI,6/9/2017,-0.004599
HSI,7/9/2017,-0.00329
HSI,8/9/2017,0.005288
HSI,11/9/2017,0.010361
HSI,12/9/2017,0.000612
HSI,13/9/2017,-0.002794
HSI,14/9/2017,-0.00419
HSI,15/9/2017,0.001094
HSI,18/9/2017,0.012665
HSI,19/9/2017,-0.003848
HSI,20/9/2017,0.002723
HSI,21/9/2017,-0.000621
HSI,22/9/2017,-0.008175
HSI,25/9/2017,-0.013636
HSI,26/9/2017,0.000461
HSI,27/9/2017,0.004704
HSI,28/9/2017,-0.007989
HSI,29/9/2017,0.004839
HSI,3/10/2017,0.022461
HSI,4/10/2017,0.007311
HSI,6/10/2017,0.002779
HSI,9/10/2017,-0.004619
HSI,10/10/2017,0.005798
HSI,11/10/2017,-0.003554
HSI,12/10/2017,0.002447
HSI,13/10/2017,0.000611
HSI,16/10/2017,0.007598
HSI,17/10/2017,0.000163
HSI,18/10/2017,0.000497
HSI,19/10/2017,-0.019249
HSI,20/10/2017,0.011653
HSI,23/10/2017,-0.006366
HSI,24/10/2017,-0.005331
HSI,25/10/2017,0.005254
HSI,26/10/2017,-0.003551
HSI,27/10/2017,0.008385
HSI,30/10/2017,-0.00361
HSI,31/10/2017,-0.003199
HSI,1/11/2017,0.012339
HSI,2/11/2017,-0.002638
HSI,3/11/2017,0.002979
HSI,6/11/2017,-0.000238
HSI,7/11/2017,0.013902
HSI,8/11/2017,-0.002992
HSI,9/11/2017,0.007921
HSI,10/11/2017,-0.000537
HSI,13/11/2017,0.002104
HSI,14/11/2017,-0.00103
HSI,15/11/2017,-0.010306
HSI,16/11/2017,0.005791
HSI,17/11/2017,0.006213
HSI,20/11/2017,0.002098
HSI,21/11/2017,0.019062
HSI,22/11/2017,0.006218
HSI,23/11/2017,-0.009851
HSI,24/11/2017,0.005331
HSI,27/11/2017,-0.006031
HSI,28/11/2017,-0.00018
HSI,29/11/2017,-0.001921
HSI,30/11/2017,-0.015072
HSI,1/12/2017,-0.003534
HSI,4/12/2017,0.002203
HSI,5/12/2017,-0.010141
HSI,6/12/2017,-0.021426
HSI,7/12/2017,0.002777
HSI,8/12/2017,0.011895
HSI,11/12/2017,0.011363
HSI,12/12/2017,-0.005918
HSI,13/12/2017,0.014872
HSI,14/12/2017,-0.001907
HSI,15/12/2017,-0.010912
HSI,18/12/2017,0.007013
HSI,19/12/2017,0.006996
HSI,20/12/2017,-0.000669
HSI,21/12/2017,0.004548
HSI,22/12/2017,0.007183
HSI,27/12/2017,0.000664
HSI,28/12/2017,0.008989
HSI,29/12/2017,0.001856
HSI,2/1/2018,0.019926
HSI,3/1/2018,0.001496
HSI,4/1/2018,0.005744
HSI,5/1/2018,0.002543
HSI,8/1/2018,0.002755
HSI,9/1/2018,0.003621
HSI,10/1/2018,0.002009
HSI,11/1/2018,0.001502
HSI,12/1/2018,0.009388
HSI,15/1/2018,-0.002345
HSI,16/1/2018,0.018057
HSI,17/1/2018,0.002465
HSI,18/1/2018,0.004331
HSI,19/1/2018,0.004139
HSI,22/1/2018,0.004295
HSI,23/1/2018,0.016586
HSI,24/1/2018,0.00085
HSI,25/1/2018,-0.009231
HSI,26/1/2018,0.015302
HSI,29/1/2018,-0.005647
HSI,30/1/2018,-0.010908
HSI,31/1/2018,0.008586
HSI,1/2/2018,-0.007455
HSI,2/2/2018,-0.001235
HSI,5/2/2018,-0.010937
HSI,6/2/2018,-0.051164
HSI,7/2/2018,-0.008897
HSI,8/2/2018,0.004223
HSI,9/2/2018,-0.030995
HSI,12/2/2018,-0.00162
HSI,13/2/2018,0.012896
HSI,14/2/2018,0.022657
HSI,15/2/2018,0.019657
HSI,20/2/2018,-0.007771
HSI,21/2/2018,0.018082
HSI,22/2/2018,-0.014832
HSI,23/2/2018,0.009736
HSI,26/2/2018,0.007402
HSI,27/2/2018,-0.0073
HSI,28/2/2018,-0.013558
HSI,1/3/2018,0.006469
HSI,2/3/2018,-0.014843
HSI,5/3/2018,-0.022792
HSI,6/3/2018,0.02089
HSI,7/3/2018,-0.010285
HSI,8/3/2018,0.015154
HSI,9/3/2018,0.011146
HSI,12/3/2018,0.019297
HSI,13/3/2018,0.000225
HSI,14/3/2018,-0.005267
HSI,15/3/2018,0.003375
HSI,16/3/2018,-0.001241
HSI,19/3/2018,0.000374
HSI,20/3/2018,0.001148
HSI,21/3/2018,-0.004292
HSI,22/3/2018,-0.010933
HSI,23/3/2018,-0.024517
HSI,26/3/2018,0.007901
HSI,27/3/2018,0.007924
HSI,28/3/2018,-0.024952
HSI,29/3/2018,0.00236
HSI,3/4/2018,0.002882
HSI,4/4/2018,-0.021915
HSI,6/4/2018,0.011052
HSI,9/4/2018,0.012888
HSI,10/4/2018,0.016512
HSI,11/4/2018,0.005499
HSI,12/4/2018,-0.00215
HSI,13/4/2018,-0.000743
HSI,16/4/2018,-0.015995
HSI,17/4/2018,-0.00834
HSI,18/4/2018,0.007368
HSI,19/4/2018,0.014007
HSI,20/4/2018,-0.009447
HSI,23/4/2018,-0.005389
HSI,24/4/2018,0.012621
HSI,25/4/2018,-0.010056
HSI,26/4/2018,-0.010567
HSI,27/4/2018,0.009097
HSI,30/4/2018,0.01743
HSI,2/5/2018,-0.002745
HSI,3/5/2018,-0.013361
HSI,4/5/2018,-0.012762
HSI,7/5/2018,0.002264
HSI,8/5/2018,0.013621
HSI,9/5/2018,0.004385
HSI,10/5/2018,0.008943
HSI,11/5/2018,0.010154
HSI,14/5/2018,0.013464
HSI,15/5/2018,-0.012335
HSI,16/5/2018,-0.001343
HSI,17/5/2018,-0.005402
HSI,18/5/2018,0.003418
HSI,21/5/2018,0.006005
HSI,23/5/2018,-0.018208
HSI,24/5/2018,0.00309
HSI,25/5/2018,-0.005604
HSI,28/5/2018,0.006676
HSI,29/5/2018,-0.009992
HSI,30/5/2018,-0.014033
HSI,31/5/2018,0.0137
HSI,1/6/2018,0.000799
HSI,4/6/2018,0.016564
HSI,5/6/2018,0.00308
HSI,6/6/2018,0.005327
HSI,7/6/2018,0.008111
HSI,8/6/2018,-0.017594
HSI,11/6/2018,0.003407
HSI,12/6/2018,0.001267
HSI,13/6/2018,-0.01215
HSI,14/6/2018,-0.009275
HSI,15/6/2018,-0.004293
HSI,19/6/2018,-0.027758
HSI,20/6/2018,0.007738
HSI,21/6/2018,-0.013474
HSI,22/6/2018,0.001456
HSI,25/6/2018,-0.01286
HSI,26/6/2018,-0.002762
HSI,27/6/2018,-0.018183
HSI,28/6/2018,0.004975
HSI,29/6/2018,0.016064
HSI,3/7/2018,-0.014144
HSI,4/7/2018,-0.010646
HSI,5/7/2018,-0.00211
HSI,6/7/2018,0.004738
HSI,9/7/2018,0.013169
HSI,10/7/2018,-0.000218
HSI,11/7/2018,-0.012919
HSI,12/7/2018,0.005974
HSI,13/7/2018,0.001566
HSI,16/7/2018,0.000499
HSI,17/7/2018,-0.012543
HSI,18/7/2018,-0.00228
HSI,19/7/2018,-0.00379
HSI,20/7/2018,0.007626
HSI,23/7/2018,0.001121
HSI,24/7/2018,0.014384
HSI,25/7/2018,0.009013
HSI,26/7/2018,-0.004832
HSI,27/7/2018,0.000804
HSI,30/7/2018,-0.00247
HSI,31/7/2018,-0.005225
HSI,1/8/2018,-0.008476
HSI,2/8/2018,-0.022095
HSI,3/8/2018,-0.00138
HSI,6/8/2018,0.005176
HSI,7/8/2018,0.015432
HSI,8/8/2018,0.003903
HSI,9/8/2018,0.008751
HSI,10/8/2018,-0.008413
HSI,13/8/2018,-0.01516
HSI,14/8/2018,-0.006573
HSI,15/8/2018,-0.01547
HSI,16/8/2018,-0.008181
HSI,17/8/2018,0.004183
HSI,20/8/2018,0.014133
HSI,21/8/2018,0.005608
HSI,22/8/2018,0.006298
HSI,23/8/2018,-0.00491
HSI,24/8/2018,-0.004267
HSI,27/8/2018,0.021661
HSI,28/8/2018,0.002842
HSI,29/8/2018,0.002286
HSI,30/8/2018,-0.008882
HSI,31/8/2018,-0.009782
HSI,3/9/2018,-0.006311
HSI,4/9/2018,0.009411
HSI,5/9/2018,-0.026078
HSI,6/9/2018,-0.009875
HSI,7/9/2018,-0.00005
HSI,10/9/2018,-0.013348
HSI,11/9/2018,-0.007172
HSI,12/9/2018,-0.002933
HSI,13/9/2018,0.025411
HSI,14/9/2018,0.010066
HSI,17/9/2018,-0.012957
HSI,18/9/2018,0.005637
HSI,19/9/2018,0.011915
HSI,20/9/2018,0.002565
HSI,21/9/2018,0.01732
HSI,24/9/2018,-0.016248
HSI,26/9/2018,0.011545
HSI,27/9/2018,-0.003638
HSI,28/9/2018,0.002628
HSI,2/10/2018,-0.023828
HSI,3/10/2018,-0.001295
HSI,4/10/2018,-0.017252
HSI,5/10/2018,-0.001927
HSI,8/10/2018,-0.013924
HSI,9/10/2018,-0.001132
HSI,10/10/2018,0.00077
HSI,11/10/2018,-0.03538
HSI,12/10/2018,0.021179
HSI,15/10/2018,-0.013814
HSI,16/10/2018,0.000676
HSI,18/10/2018,-0.000303
HSI,19/10/2018,0.004198
HSI,22/10/2018,0.02315
HSI,23/10/2018,-0.030841
HSI,24/10/2018,-0.003818
HSI,25/10/2018,-0.010112
HSI,26/10/2018,-0.011076
HSI,29/10/2018,0.00382
HSI,30/10/2018,-0.009129
HSI,31/10/2018,0.016032
HSI,1/11/2018,0.017467
HSI,2/11/2018,0.042113
HSI,5/11/2018,-0.020839
HSI,6/11/2018,0.007194
HSI,7/11/2018,0.001023
HSI,8/11/2018,0.003061
HSI,9/11/2018,-0.02386
HSI,12/11/2018,0.001221
HSI,13/11/2018,0.00623
HSI,14/11/2018,-0.005367
HSI,15/11/2018,0.017498
HSI,16/11/2018,0.003072
HSI,19/11/2018,0.007198
HSI,20/11/2018,-0.02016
HSI,21/11/2018,0.005075
HSI,22/11/2018,0.001846
HSI,23/11/2018,-0.003525
HSI,26/11/2018,0.017298
HSI,27/11/2018,-0.001677
HSI,28/11/2018,0.013315
HSI,29/11/2018,-0.008677
HSI,30/11/2018,0.002107
HSI,3/12/2018,0.025476
HSI,4/12/2018,0.002884
HSI,5/12/2018,-0.016168
HSI,6/12/2018,-0.024732
HSI,7/12/2018,-0.003541
HSI,10/12/2018,-0.011947
HSI,11/12/2018,0.000749
HSI,12/12/2018,0.016105
HSI,13/12/2018,0.012894
HSI,14/12/2018,-0.016195
HSI,17/12/2018,-0.000261
HSI,18/12/2018,-0.010493
HSI,19/12/2018,0.001981
HSI,20/12/2018,-0.009351
HSI,21/12/2018,0.005069
HSI,24/12/2018,-0.003962
HSI,27/12/2018,-0.006725
HSI,28/12/2018,0.000994
HSI,31/12/2018,0.01339
HSI,2/1/2019,-0.027678
HSI,3/1/2019,-0.002626
HSI,4/1/2019,0.022409
HSI,7/1/2019,0.008182
HSI,8/1/2019,0.001539
HSI,9/1/2019,0.022681
HSI,10/1/2019,0.002234
HSI,11/1/2019,0.005499
HSI,14/1/2019,-0.013835
HSI,15/1/2019,0.020228
HSI,16/1/2019,0.002676
HSI,17/1/2019,-0.005445
HSI,18/1/2019,0.012527
HSI,21/1/2019,0.003903
HSI,22/1/2019,-0.007026
HSI,23/1/2019,0.000102
HSI,24/1/2019,0.004176
HSI,25/1/2019,0.016526
HSI,28/1/2019,0.000282
HSI,29/1/2019,-0.001642
HSI,30/1/2019,0.004038
HSI,31/1/2019,0.010839
HSI,1/2/2019,-0.00042
HSI,4/2/2019,0.002129
HSI,8/2/2019,-0.001568
HSI,11/2/2019,0.007068
HSI,12/2/2019,0.000977
HSI,13/2/2019,0.011581
HSI,14/2/2019,-0.0023
HSI,15/2/2019,-0.018683
HSI,18/2/2019,0.015991
HSI,19/2/2019,-0.004194
HSI,20/2/2019,0.010129
HSI,21/2/2019,0.004064
HSI,22/2/2019,0.00651
HSI,25/2/2019,0.004962
HSI,26/2/2019,-0.006466
HSI,27/2/2019,-0.000508
HSI,28/2/2019,-0.004321
HSI,1/3/2019,0.006251
HSI,4/3/2019,0.005117
HSI,5/3/2019,0.000069
HSI,6/3/2019,0.002624
HSI,7/3/2019,-0.00889
HSI,8/3/2019,-0.019147
HSI,11/3/2019,0.009738
HSI,12/3/2019,0.01465
HSI,13/3/2019,-0.003922
HSI,14/3/2019,0.001525
HSI,15/3/2019,0.005576
HSI,18/3/2019,0.013675
HSI,19/3/2019,0.001947
HSI,20/3/2019,-0.004931
HSI,21/3/2019,-0.008506
HSI,22/3/2019,0.001438
HSI,25/3/2019,-0.020266
HSI,26/3/2019,0.001527
HSI,27/3/2019,0.005648
HSI,28/3/2019,0.001635
HSI,29/3/2019,0.009597
HSI,1/4/2019,0.017578
HSI,2/4/2019,0.002119
HSI,3/4/2019,0.01221
HSI,4/4/2019,-0.00167
HSI,8/4/2019,0.004704
HSI,9/4/2019,0.002671
HSI,10/4/2019,-0.001258
HSI,11/4/2019,-0.0093
HSI,12/4/2019,0.002356
HSI,15/4/2019,-0.003311
HSI,16/4/2019,0.010706
HSI,17/4/2019,-0.000172
HSI,18/4/2019,-0.005358
HSI,23/4/2019,-0.000001
HSI,24/4/2019,-0.005253
HSI,25/4/2019,-0.00859
HSI,26/4/2019,0.001868
HSI,29/4/2019,0.009721
HSI,30/4/2019,-0.00648
HSI,2/5/2019,0.008252
HSI,3/5/2019,0.004588
HSI,6/5/2019,-0.028979
HSI,7/5/2019,0.005245
HSI,8/5/2019,-0.012254
HSI,9/5/2019,-0.023864
HSI,10/5/2019,0.008448
HSI,14/5/2019,-0.014999
HSI,15/5/2019,0.005216
HSI,16/5/2019,0.000225
HSI,17/5/2019,-0.011622
HSI,20/5/2019,-0.005684
HSI,21/5/2019,-0.004692
HSI,22/5/2019,0.001761
HSI,23/5/2019,-0.015838
HSI,24/5/2019,0.003183
HSI,27/5/2019,-0.002407
HSI,28/5/2019,0.003764
HSI,29/5/2019,-0.005662
HSI,30/5/2019,-0.004436
HSI,31/5/2019,-0.007885
HSI,3/6/2019,-0.000269
HSI,4/6/2019,-0.004921
HSI,5/6/2019,0.005004
HSI,6/6/2019,0.002597
HSI,10/6/2019,0.022746
HSI,11/6/2019,0.00764
HSI,12/6/2019,-0.017304
HSI,13/6/2019,-0.000504
HSI,14/6/2019,-0.006461
HSI,17/6/2019,0.004012
HSI,18/6/2019,0.009976
HSI,19/6/2019,0.025578
HSI,20/6/2019,0.01235
HSI,21/6/2019,-0.002687
HSI,24/6/2019,0.00138
HSI,25/6/2019,-0.011469
HSI,26/6/2019,0.001277
HSI,27/6/2019,0.014154
HSI,28/6/2019,-0.002753
HSI,2/7/2019,0.011665
HSI,3/7/2019,-0.000707
HSI,4/7/2019,-0.002058
HSI,5/7/2019,-0.000727
HSI,8/7/2019,-0.0154
HSI,9/7/2019,-0.007603
HSI,10/7/2019,0.003144
HSI,11/7/2019,0.008052
HSI,12/7/2019,0.001401
HSI,15/7/2019,0.002924
HSI,16/7/2019,0.002267
HSI,17/7/2019,-0.000924
HSI,18/7/2019,-0.004599
HSI,19/7/2019,0.010672
HSI,22/7/2019,-0.013702
HSI,23/7/2019,0.003356
HSI,24/7/2019,0.002022
HSI,25/7/2019,0.002463
HSI,26/7/2019,-0.006874
HSI,29/7/2019,-0.010259
HSI,30/7/2019,0.001426
HSI,31/7/2019,-0.013101
HSI,1/8/2019,-0.007634
HSI,2/8/2019,-0.023476
HSI,5/8/2019,-0.028503
HSI,6/8/2019,-0.006695
HSI,7/8/2019,0.0008
HSI,8/8/2019,0.00476
HSI,9/8/2019,-0.006947
HSI,12/8/2019,-0.004417
HSI,13/8/2019,-0.021043
HSI,14/8/2019,0.00083
HSI,15/8/2019,0.007635
HSI,16/8/2019,0.009365
HSI,19/8/2019,0.021668
HSI,20/8/2019,-0.002293
HSI,21/8/2019,0.001468
HSI,22/8/2019,-0.008425
HSI,23/8/2019,0.005014
HSI,26/8/2019,-0.019061
HSI,27/8/2019,-0.000633
HSI,28/8/2019,-0.001893
HSI,29/8/2019,0.003436
HSI,30/8/2019,0.000826
HSI,2/9/2019,-0.003817
HSI,3/9/2019,-0.003851
HSI,4/9/2019,0.038992
HSI,5/9/2019,-0.00029
HSI,6/9/2019,0.006609
HSI,9/9/2019,-0.000351
HSI,10/9/2019,0.000085
HSI,11/9/2019,0.017815
HSI,12/9/2019,-0.00263
HSI,13/9/2019,0.009785
HSI,16/9/2019,-0.008341
HSI,17/9/2019,-0.012325
HSI,18/9/2019,-0.001348
HSI,19/9/2019,-0.010659
HSI,20/9/2019,-0.001257
HSI,23/9/2019,-0.008068
HSI,24/9/2019,0.002235
HSI,25/9/2019,-0.012772
HSI,26/9/2019,0.003722
HSI,27/9/2019,-0.003345
HSI,30/9/2019,0.005296
HSI,2/10/2019,-0.0019
HSI,3/10/2019,0.002597
HSI,4/10/2019,-0.011079
HSI,8/10/2019,0.002803
HSI,9/10/2019,-0.008133
HSI,10/10/2019,0.000978
HSI,11/10/2019,0.023359
HSI,14/10/2019,0.008112
HSI,15/10/2019,-0.000676
HSI,16/10/2019,0.00605
HSI,17/10/2019,0.006908
HSI,18/10/2019,-0.004801
HSI,21/10/2019,0.000228
HSI,22/10/2019,0.002264
HSI,23/10/2019,-0.008193
HSI,24/10/2019,0.008703
HSI,25/10/2019,-0.004872
HSI,28/10/2019,0.008395
HSI,29/10/2019,-0.003886
HSI,30/10/2019,-0.004444
HSI,31/10/2019,0.008963
HSI,1/11/2019,0.007212
HSI,4/11/2019,0.016477
HSI,5/11/2019,0.004941
HSI,6/11/2019,0.000189
HSI,7/11/2019,0.005728
HSI,8/11/2019,-0.007042
HSI,11/11/2019,-0.026205
HSI,12/11/2019,0.005152
HSI,13/11/2019,-0.018246
HSI,14/11/2019,-0.009325
HSI,15/11/2019,0.000113
HSI,18/11/2019,0.013463
HSI,19/11/2019,0.015468
HSI,20/11/2019,-0.007536
HSI,21/11/2019,-0.015721
HSI,22/11/2019,0.004844
HSI,25/11/2019,0.014964
HSI,26/11/2019,-0.002931
HSI,27/11/2019,0.001489
HSI,28/11/2019,-0.002236
HSI,29/11/2019,-0.020348
HSI,2/12/2019,0.003728
HSI,3/12/2019,-0.00202
HSI,4/12/2019,-0.012456
HSI,5/12/2019,0.005927
HSI,6/12/2019,0.010731
HSI,9/12/2019,-0.000137
HSI,10/12/2019,-0.002193
HSI,11/12/2019,0.007899
HSI,12/12/2019,0.013087
HSI,13/12/2019,0.025695
HSI,16/12/2019,-0.006489
HSI,17/12/2019,0.012201
HSI,18/12/2019,0.001455
HSI,19/12/2019,-0.003002
HSI,20/12/2019,0.002549
HSI,23/12/2019,0.001258
HSI,24/12/2019,-0.001512
HSI,27/12/2019,0.012963
HSI,30/12/2019,0.003329
HSI,31/12/2019,-0.004578
HSI,2/1/2020,0.01255
HSI,3/1/2020,-0.003224
HSI,6/1/2020,-0.007919
HSI,7/1/2020,0.003396
HSI,8/1/2020,-0.008267
HSI,9/1/2020,0.016843
HSI,10/1/2020,0.002703
HSI,13/1/2020,0.01106
HSI,14/1/2020,-0.002411
HSI,15/1/2020,-0.003862
HSI,16/1/2020,0.003804
HSI,17/1/2020,0.006003
HSI,20/1/2020,-0.008966
HSI,21/1/2020,-0.028149
HSI,22/1/2020,0.012711
HSI,23/1/2020,-0.01524
HSI,24/1/2020,0.001452
HSI,29/1/2020,-0.02823
HSI,30/1/2020,-0.026196
HSI,31/1/2020,-0.005161
HSI,3/2/2020,0.001686
HSI,4/2/2020,0.012103
HSI,5/2/2020,0.004152
HSI,6/2/2020,0.026392
HSI,7/2/2020,-0.003253
HSI,10/2/2020,-0.005945
HSI,11/2/2020,0.012574
HSI,12/2/2020,0.008693
HSI,13/2/2020,-0.003366
HSI,14/2/2020,0.003087
HSI,17/2/2020,0.005177
HSI,18/2/2020,-0.015358
HSI,19/2/2020,0.004563
HSI,20/2/2020,-0.001687
HSI,21/2/2020,-0.010879
HSI,24/2/2020,-0.017867
HSI,25/2/2020,0.002698
HSI,26/2/2020,-0.007316
HSI,27/2/2020,0.003076
HSI,28/2/2020,-0.024224
HSI,2/3/2020,0.00619
HSI,3/3/2020,-0.000261
HSI,4/3/2020,-0.002387
HSI,5/3/2020,0.020815
HSI,6/3/2020,-0.023207
HSI,9/3/2020,-0.042308
HSI,10/3/2020,0.014059
HSI,11/3/2020,-0.006337
HSI,12/3/2020,-0.036563
HSI,13/3/2020,-0.01136
HSI,16/3/2020,-0.040334
HSI,17/3/2020,0.008679
HSI,18/3/2020,-0.041778
HSI,19/3/2020,-0.026139
HSI,20/3/2020,0.050483
HSI,23/3/2020,-0.048627
HSI,24/3/2020,0.044587
HSI,25/3/2020,0.03811
HSI,26/3/2020,-0.007432
HSI,27/3/2020,0.00565
HSI,30/3/2020,-0.013165
HSI,31/3/2020,0.018484
HSI,1/4/2020,-0.021933
HSI,2/4/2020,0.008415
HSI,3/4/2020,-0.001888
HSI,6/4/2020,0.022078
HSI,7/4/2020,0.021229
HSI,8/4/2020,-0.011665
HSI,9/4/2020,0.013765
HSI,14/4/2020,0.005558
HSI,15/4/2020,-0.01187
HSI,16/4/2020,-0.005752
HSI,17/4/2020,0.01556
HSI,20/4/2020,-0.00205
HSI,21/4/2020,-0.02205
HSI,22/4/2020,0.004195
HSI,23/4/2020,0.003514
HSI,24/4/2020,-0.006089
HSI,27/4/2020,0.018833
HSI,28/4/2020,0.012184
HSI,29/4/2020,0.002752
HSI,4/5/2020,-0.041787
HSI,5/5/2020,0.010793
HSI,6/5/2020,0.011262
HSI,7/5/2020,-0.006498
HSI,8/5/2020,0.010406
HSI,11/5/2020,0.015348
HSI,12/5/2020,-0.014486
HSI,13/5/2020,-0.002697
HSI,14/5/2020,-0.014498
HSI,15/5/2020,-0.001354
HSI,18/5/2020,0.00577
HSI,19/5/2020,0.018941
HSI,20/5/2020,0.000485
HSI,21/5/2020,-0.004915
HSI,22/5/2020,-0.055597
HSI,25/5/2020,0.000964
HSI,26/5/2020,0.01884
HSI,27/5/2020,-0.003562
HSI,28/5/2020,-0.007236
HSI,29/5/2020,-0.007405
HSI,1/6/2020,0.03358
HSI,2/6/2020,0.0111
HSI,3/6/2020,0.013739
HSI,4/6/2020,0.001672
HSI,5/6/2020,0.016585
HSI,8/6/2020,0.000257
HSI,9/6/2020,0.011319
HSI,10/6/2020,-0.000299
HSI,11/6/2020,-0.022738
HSI,12/6/2020,-0.007303
HSI,15/6/2020,-0.02158
HSI,16/6/2020,0.023853
HSI,17/6/2020,0.005641
HSI,18/6/2020,-0.000673
HSI,19/6/2020,0.007315
HSI,22/6/2020,-0.005379
HSI,23/6/2020,0.016156
HSI,24/6/2020,-0.005049
HSI,26/6/2020,-0.009345
HSI,29/6/2020,-0.010131
HSI,30/6/2020,0.005181
HSI,2/7/2020,0.028534
HSI,3/7/2020,0.009908
HSI,6/7/2020,0.038073
HSI,7/7/2020,-0.013801
HSI,8/7/2020,0.00591
HSI,9/7/2020,0.003099
HSI,10/7/2020,-0.018418
HSI,13/7/2020,0.001738
HSI,14/7/2020,-0.011417
HSI,15/7/2020,0.000145
HSI,16/7/2020,-0.020049
HSI,17/7/2020,0.004745
HSI,20/7/2020,-0.001243
HSI,21/7/2020,0.023053
HSI,22/7/2020,-0.022536
HSI,23/7/2020,0.008183
HSI,24/7/2020,-0.022075
HSI,27/7/2020,-0.004131
HSI,28/7/2020,0.006889
HSI,29/7/2020,0.004456
HSI,30/7/2020,-0.006934
HSI,31/7/2020,-0.004664
HSI,3/8/2020,-0.005579
HSI,4/8/2020,0.019973
HSI,5/8/2020,0.00625
HSI,6/8/2020,-0.00685
HSI,7/8/2020,-0.016003
HSI,10/8/2020,-0.006285
HSI,11/8/2020,0.021054
HSI,12/8/2020,0.014196
HSI,13/8/2020,-0.000529
HSI,14/8/2020,-0.001889
HSI,17/8/2020,0.006525
HSI,18/8/2020,0.000791
HSI,19/8/2020,-0.00743
HSI,20/8/2020,-0.015391
HSI,21/8/2020,0.013007
HSI,24/8/2020,0.01743
HSI,25/8/2020,-0.002558
HSI,26/8/2020,0.000219
HSI,27/8/2020,-0.008263
HSI,28/8/2020,0.005574
HSI,31/8/2020,-0.009638
HSI,1/9/2020,0.00031
HSI,2/9/2020,-0.002571
HSI,3/9/2020,-0.004478
HSI,4/9/2020,-0.012482
HSI,7/9/2020,-0.004284
HSI,8/9/2020,0.001411
HSI,9/9/2020,-0.006311
HSI,10/9/2020,-0.006351
HSI,11/9/2020,0.007805
HSI,14/9/2020,0.00559
HSI,15/9/2020,0.003753
HSI,16/9/2020,-0.000288
HSI,17/9/2020,-0.015562
HSI,18/9/2020,0.004706
HSI,21/9/2020,-0.020638
HSI,22/9/2020,-0.009763
HSI,23/9/2020,0.001082
HSI,24/9/2020,-0.018172
HSI,25/9/2020,-0.003245
HSI,28/9/2020,0.010356
HSI,29/9/2020,-0.008541
HSI,30/9/2020,0.007885
HSI,5/10/2020,0.01316
HSI,6/10/2020,0.008956
HSI,7/10/2020,0.010934
HSI,8/10/2020,-0.002042
HSI,9/10/2020,-0.003068
HSI,12/10/2020,0.021997
HSI,14/10/2020,0.000706
HSI,15/10/2020,-0.020617
HSI,16/10/2020,0.009448
HSI,19/10/2020,0.006375
HSI,20/10/2020,0.001112
HSI,21/10/2020,0.007525
HSI,22/10/2020,0.001281
HSI,23/10/2020,0.005352
HSI,27/10/2020,-0.005281
HSI,28/10/2020,-0.003163
HSI,29/10/2020,-0.004946
HSI,30/10/2020,-0.019489
HSI,2/11/2020,0.014626
HSI,3/11/2020,0.019612
HSI,4/11/2020,-0.002149
HSI,5/11/2020,0.032539
HSI,6/11/2020,0.000664
HSI,9/11/2020,0.011792
HSI,10/11/2020,0.010967
HSI,11/11/2020,-0.002833
HSI,12/11/2020,-0.002196
HSI,13/11/2020,-0.000478
HSI,16/11/2020,0.008595
HSI,17/11/2020,0.001267
HSI,18/11/2020,0.004891
HSI,19/11/2020,-0.007057
HSI,20/11/2020,0.003588
HSI,23/11/2020,0.00131
HSI,24/11/2020,0.003851
HSI,25/11/2020,0.003067
HSI,26/11/2020,0.005613
HSI,27/11/2020,0.002805
HSI,30/11/2020,-0.020569
HSI,1/12/2020,0.008587
HSI,2/12/2020,-0.001321
HSI,3/12/2020,0.007384
HSI,4/12/2020,0.004019
HSI,7/12/2020,-0.012262
HSI,8/12/2020,-0.007632
HSI,9/12/2020,0.007538
HSI,10/12/2020,-0.003481
HSI,11/12/2020,0.003608
HSI,14/12/2020,-0.00439
HSI,15/12/2020,-0.006905
HSI,16/12/2020,0.009654
HSI,17/12/2020,0.008242
HSI,18/12/2020,-0.006739
HSI,21/12/2020,-0.007243
HSI,22/12/2020,-0.007125
HSI,23/12/2020,0.00857
HSI,24/12/2020,0.00165
HSI,28/12/2020,-0.002726
HSI,29/12/2020,0.009647
HSI,30/12/2020,0.021778
HSI,31/12/2020,0.003095
HSI,4/1/2021,0.008875
HSI,5/1/2021,0.006445
HSI,6/1/2021,0.001535
HSI,7/1/2021,-0.005192
HSI,8/1/2021,0.011968
HSI,11/1/2021,0.001076
HSI,12/1/2021,0.013205
HSI,13/1/2021,-0.001455
HSI,14/1/2021,0.009253
HSI,15/1/2021,0.002702
HSI,18/1/2021,0.010111
HSI,19/1/2021,0.027007
HSI,20/1/2021,0.010802
HSI,21/1/2021,-0.001158
HSI,22/1/2021,-0.016036
HSI,25/1/2021,0.02415
HSI,26/1/2021,-0.025457
HSI,27/1/2021,-0.003189
HSI,28/1/2021,-0.025489
HSI,29/1/2021,-0.009354
HSI,1/2/2021,0.021537
HSI,2/2/2021,0.012316
HSI,3/2/2021,0.002009
HSI,4/2/2021,-0.006618
HSI,5/2/2021,0.006017
HSI,8/2/2021,0.001051
HSI,9/2/2021,0.005345
HSI,10/2/2021,0.019084
HSI,11/2/2021,0.004489
HSI,16/2/2021,0.018993
HSI,17/2/2021,0.011002
HSI,18/2/2021,-0.015753
HSI,19/2/2021,0.001617
HSI,22/2/2021,-0.010602
HSI,23/2/2021,0.010317
HSI,24/2/2021,-0.029851
HSI,25/2/2021,0.011977
HSI,26/2/2021,-0.036375
HSI,1/3/2021,0.016299
HSI,2/3/2021,-0.012111
HSI,3/3/2021,0.026965
HSI,4/3/2021,-0.02154
HSI,5/3/2021,-0.004737
HSI,8/3/2021,-0.019158
HSI,9/3/2021,0.008143
HSI,10/3/2021,0.004667
HSI,11/3/2021,0.016539
HSI,12/3/2021,-0.02198
HSI,15/3/2021,0.003272
